,date,age,openingStockFemale,openingStockMale,mortalityFemale,mortalityMale,cullStockFemale,cullStockMale,total,cullStockPercentage,hatchingEggs,hatchingEggsPercentage,smallEggs,doubleYolk,cracked,leathered,waste,eggWeigth,feedFemaleGrams,feedMaleGrams,cumulativeTotalEggs,cumulativeHatchingEggs,temperature,humidity
0,2022-01-13,24.6,15939,1553,2.0,0.0,15937,1553,1690,10.6,643,38.0,946,34.0,37,15,15,48.7,124.4,125,5599,643,24.632291666666664,85.22916666666667
1,2022-01-14,25.0,15937,1553,0.0,4.0,15937,1549,2210,13.8,1191,53.8,879,57.0,44,20,19,49.5,125.0,130,7809,1834,25.104166666666668,85.59375
2,2022-01-15,25.1,15937,1549,2.0,2.0,15935,1547,2750,17.25,1570,57.0,990,61.0,57,52,20,50.2,125.0,130,10559,3404,25.84583333333333,86.80208333333333
3,2022-01-16,25.2,15935,1547,2.0,0.0,15933,1547,3500,22.0,2000,57.1,1247,69.0,60,46,28,52.5,125.0,130,14059,5404,25.540625000000006,88.0
4,2022-01-17,25.3,15933,1547,3.0,0.0,15930,1547,4080,25.6,3070,75.2,779,103.0,60,39,20,52.6,130.0,130,18139,8474,25.226041666666664,84.21875
5,2022-01-18,25.4,15930,1547,3.0,0.0,15927,1547,4905,30.8,3870,78.9,757,90.0,123,31,34,52.8,130.0,130,23044,12344,24.76666666666667,79.21875
6,2022-01-19,25.5,15927,1547,3.0,0.0,15924,1547,5530,34.7,4982,90.0,196,162.0,136,29,25,53.0,130.0,130,28574,17326,24.042708333333334,77.30208333333333
7,2022-01-20,25.6,15924,1547,5.0,0.0,15919,1547,6400,40.2,5970,93.2,51,156.0,150,46,27,53.1,133.0,130,34974,23296,24.25208333333333,81.11458333333333
8,2022-01-21,26.0,15919,1547,5.0,2.0,15914,1545,6850,43.0,6405,93.5,39,149.0,167,50,40,53.2,133.0,130,41824,29701,25.152083333333337,81.84375
9,2022-01-22,26.1,15914,1545,2.0,2.0,15912,1543,7630,48.0,7145,993.6,55,209.0,150,34,37,53.4,133.0,130,49454,36846,25.166666666666668,81.96875
10,2022-01-23,26.2,15912,1543,2.0,1.0,15910,1542,8130,51.1,7630,93.8,57,218.0,133,53,39,53.5,136.0,130,57584,44476,23.440624999999997,84.1875
11,2022-01-24,26.3,15910,1542,3.0,0.0,15907,1542,8540,53.6,7990,93.5,72,213.0,170,57,38,53.6,136.0,130,66124,52466,23.270833333333332,76.41666666666667
12,2022-01-25,26.4,15907,1542,2.0,0.0,15905,1542,9560,60.0,8915,93.2,87,286.0,174,58,40,53.7,136.0,130,75684,61381,24.149999999999995,79.40625
13,2022-01-26,26.5,15905,1542,3.0,0.0,15902,1542,9490,59.6,8880,93.5,62,266.0,167,65,50,53.8,140.0,130,85174,70261,24.965625,83.25
14,2022-01-27,26.6,15902,1542,3.0,1.0,15899,1541,9780,61.5,9180,93.8,89,260.0,168,41,42,54.0,140.0,130,94954,79441,25.482291666666665,79.9375
15,2022-01-28,27.0,15899,1541,2.0,2.0,15897,1539,10450,65.7,9826,94.0,81,283.0,185,35,40,54.1,140.0,130,105404,89267,24.726041666666664,80.0
16,2022-01-29,27.1,15897,1539,2.0,2.0,15875,1537,10800,68.0,10110,93.6,119,285.0,200,44,42,54.3,144.0,130,116204,99377,25.340625,82.09375
17,2022-01-30,27.2,15895,1537,5.0,2.0,15890,1535,10860,68.3,10170,93.6,94,279.0,233,41,43,54.5,144.0,130,127064,109547,26.107291666666665,84.27083333333333
18,2022-01-31,27.3,15890,1535,4.0,2.0,15886,1533,11140,70.1,10400,93.3,143,325.0,186,46,40,54.7,144.0,130,138204,119947,26.45157894736842,81.30526315789474
19,2022-01-02,27.4,15886,1533,6.0,2.0,15880,1531,11550,72.7,10850,94.0,97,273.0,222,56,52,54.9,148.0,130,149754,130797,24.35384615384616,100.0
20,2022-02-02,27.5,15880,1531,6.0,0.0,15874,1531,12020,75.6,11320,94.1,101,284.0,190,65,60,55.1,148.0,130,161774,142117,25.727083333333336,77.47916666666667
21,2022-03-02,27.6,15874,1531,4.0,0.0,15870,1531,11540,72.6,10750,93.1,110,349.0,243,48,40,55.2,148.0,130,173314,152867,26.477083333333336,38.864583333333336
22,2022-04-02,28.0,15870,1531,5.0,0.0,15865,1531,11995,75.5,11230,93.6,91,349.0,203,72,50,55.3,148.0,130,185309,164097,28.83157894736842,78.2
23,2022-05-02,28.1,15865,1531,4.0,1.0,15865,1531,12230,77.0,11485,93.9,89,312.0,216,68,60,55.5,148.0,130,197539,175582,28.847368421052625,74.57894736842105
24,2022-06-02,28.2,1561,1530,3.0,1.0,15861,1530,12200,76.9,11436,93.7,102,290.0,250,72,50,55.6,148.0,130,209739,187018,28.041666666666668,76.92708333333333
25,2022-07-02,28.3,15858,1529,4.0,0.0,15858,1529,12850,81.0,12000,93.3,168,330.0,258,44,50,55.8,153.5,130,222589,199018,26.7625,85.4375
26,2022-08-02,28.4,15854,1529,5.0,2.0,158454,1529,13290,83.8,12400,93.3,107,391.0,290,50,52,56.0,153.5,130,235879,211418,24.509375000000002,99.04166666666667
27,2022-09-02,28.5,15849,1527,4.0,0.0,15849,1527,13040,82.2,12220,93.7,149,340.0,225,46,60,56.1,153.5,130,248919,223638,26.05,98.20833333333333
28,2022-10-02,28.6,15845,1527,58.0,75.0,15845,1527,13110,82.7,12197,93.0,136,456.0,242,39,40,56.2,157.0,130,262029,235835,24.64270833333333,97.875
29,2022-11-02,29.0,15787,1527,67.0,1.0,15787,1532,12540,79.4,11700,93.3,164,334.0,238,48,56,56.3,157.0,130,274569,247535,24.238541666666666,93.19791666666667
30,2022-12-02,29.1,15750,1531,32.0,0.0,15688,1531,12260,78.0,11500,93.8,131,270.0,220,79,60,56.4,157.0,130,286829,259035,26.140625,92.0
31,2022-02-13,29.2,15688,1531,8.0,2.0,15680,1529,12310,78.4,11600,94.2,133,237.0,207,73,60,56.2,160.0,130,299139,270635,25.539583333333336,73.47916666666667
32,2022-02-14,29.3,15680,1529,6.0,1.0,15674,1528,12310,78.5,11600,94.2,140,252.0,160,83,75,56.4,160.0,130,311449,282235,25.688541666666666,77.125
33,2022-02-15,29.4,15674,1528,5.0,0.0,15669,1528,12520,79.8,11800,94.2,107,269.0,206,68,70,56.4,160.0,130,323969,294035,25.819791666666664,73.65625
34,2022-02-16,29.5,15669,1528,6.0,1.0,15663,1527,12660,80.8,11900,94.0,113,263.0,235,66,83,56.5,160.0,130,336629,305935,25.771875000000005,71.11458333333333
35,2022-02-17,29.6,15663,1527,6.0,3.0,15657,1524,13010,83.0,12280,94.3,113,269.0,207,71,70,56.6,164.0,130,349639,318215,26.24895833333333,64.14583333333333
36,2022-02-18,30.0,15657,1524,5.0,2.0,15652,1522,12850,82.0,12090,94.0,118,289.0,207,73,73,56.6,164.0,130,362489,330305,26.190625,70.46875
37,2022-02-19,30.1,15652,1522,5.0,0.0,15647,1522,12820,81.9,12000,93.6,107,320.0,235,79,79,56.7,168.0,130,375309,342305,26.211458333333336,72.90625
38,2022-02-20,30.2,1547,1522,6.0,1.0,15641,1521,12890,82.3,12100,93.8,153,296.0,209,61,71,56.7,168.0,130,388199,354405,26.79479166666667,76.5625
39,2022-02-21,30.3,15641,1521,4.0,2.0,15637,1519,12840,82.1,12040,93.7,132,234.0,276,78,80,56.8,168.0,130,401039,366445,27.362499999999997,79.47916666666667
40,2022-02-22,30.4,15637,1519,4.0,2.0,15633,1517,13300,85.0,12500,94.0,130,228.0,295,67,80,56.8,168.0,130,414339,378945,27.74255319148936,67.64893617021276
41,2022-02-23,30.5,15633,1517,5.0,2.0,15628,1515,13260,84.8,12500,94.2,127,254.0,206,76,97,56.9,168.0,130,427599,391445,27.025000000000002,62.885416666666664
42,2022-02-24,30.6,15628,1515,4.0,1.0,15624,1514,13080,83.7,12295,94.0,154,259.0,227,85,60,56.9,168.0,130,440679,403740,26.19042553191489,68.22340425531915
43,2022-02-25,31.0,15624,1514,4.0,0.0,15620,1514,13260,84.8,12500,94.2,123,248.0,247,71,71,57.1,168.0,130,453939,416240,26.566315789473688,62.305263157894736
44,2022-02-26,31.1,15620,1514,4.0,1.0,15616,1513,13080,83.7,12350,94.4,130,237.0,207,86,70,57.4,168.0,130,467019,428590,25.877894736842112,72.53684210526316
45,2022-02-27,31.2,15616,1513,6.0,0.0,15610,1513,13300,85.1,12550,94.3,128,231.0,241,67,83,57.6,168.0,130,480319,441140,27.386458333333337,64.34375
46,2022-02-28,31.3,15610,1513,5.0,2.0,15605,1511,13310,85.2,12500,94.0,142,240.0,260,76,92,57.8,168.0,130,493629,453640,26.33020833333333,60.010416666666664
47,2022-01-03,31.4,15605,1511,3.0,1.0,15602,1510,13180,84.4,12410,94.1,127,226.0,263,72,82,58.0,168.0,130,506809,466050,24.488172043010753,97.34408602150538
48,2022-02-03,31.5,15602,1510,4.0,1.0,15598,1509,13030,83.5,12300,94.4,142,197.0,241,66,84,58.1,168.0,130,519839,478350,25.052083333333332,79.36458333333333
49,2022-03-03,31.6,15598,1509,4.0,0.0,15594,1509,13350,85.5,12600,94.3,112,223.0,259,76,80,58.3,168.0,130,533189,478350,25.340425531914892,50.09574468085106
50,2022-04-03,32.0,15594,1509,4.0,2.0,15590,1507,13280,85.1,12550,94.5,120,201.0,254,75,80,58.4,168.0,130,546469,503500,28.869473684210536,76.30526315789474
51,2022-05-03,32.1,15590,1507,3.0,2.0,15584,1508,13350,85.6,12550,94.0,163,180.0,294,77,86,58.6,168.0,130,559819,516050,29.182105263157897,75.56842105263158
52,2022-06-03,32.2,15584,1506,3.0,0.0,15584,1506,13400,85.9,12695,94.7,116,154.0,255,24,96,58.7,168.0,130,573219,528745,28.084374999999998,79.60416666666667
53,2022-07-03,32.3,15584,1506,4.0,2.0,15580,1505,13120,84.2,12450,94.9,113,164.0,248,67,78,59.0,168.0,130,586339,541195,25.83020833333333,84.03125
54,2022-08-03,32.4,15580,1505,4.0,0.0,15576,1505,13270,85.1,12600,95.0,105,160.0,249,69,87,59.2,168.0,130,599609,553795,24.649999999999995,99.15625
55,2022-09-03,32.5,15576,1505,4.0,2.0,15572,1503,13480,86.5,12800,95.0,106,160.0,264,66,84,59.4,168.0,130,613089,566595,27.038541666666664,94.875
56,2022-10-03,32.6,15572,1503,5.0,0.0,15567,1503,13410,86.1,12700,94.7,101,161.0,271,73,104,59.6,168.0,130,626499,579295,24.941666666666666,98.10416666666667
57,2022-11-03,33.0,15567,1503,5.0,2.0,15562,1501,13400,86.0,12800,95.5,107,154.0,188,67,84,59.8,168.0,130,639899,592095,24.594791666666666,94.9375
58,2022-12-03,33.1,15562,1501,4.0,2.0,15558,1499,13200,84.8,12600,95.4,106,111.0,236,67,80,60.0,168.0,130,653099,604695,26.618750000000002,88.07291666666667
59,2022-03-13,33.2,15558,1499,6.0,2.0,15552,1497,12490,83.1,12280,94.9,129,141.0,263,67,60,60.1,168.0,130,666039,616975,28.152631578947375,39.51578947368421
60,2022-03-14,33.3,15552,1497,3.0,2.0,15549,1495,13310,85.5,12670,95.2,119,115.0,282,64,60,60.1,168.0,130,679349,629645,28.247368421052627,42.92631578947368
61,2022-03-15,33.4,15549,1495,4.0,2.0,15545,1493,13350,85.8,12730,95.3,111,112.0,271,66,60,60.2,168.0,130,692699,642375,28.158947368421057,59.473684210526315
62,2022-03-16,33.5,15545,1493,3.0,0.0,15542,1493,13130,84.4,12520,95.3,88,136.0,263,63,60,60.2,168.0,130,705829,654895,28.15957446808511,75.6063829787234
63,2022-03-17,33.6,15542,1493,4.0,1.0,15538,1492,13310,85.6,12674,95.2,102,121.0,282,71,60,60.3,168.0,130,719139,667569,28.918947368421055,71.9578947368421
64,2022-03-18,34.0,15538,1492,4.0,1.0,15534,1491,13040,83.9,12381,94.9,110,103.0,328,58,60,60.3,168.0,130,732179,679950,28.72340425531915,72.70212765957447
65,2022-03-26,35.1,15512,1482,0.2,2.0,15477,1480,12990,83.7,12430,95.6,67,85.0,293,55,60,61.1,168.0,130,837059,780220,27.274736842105266,82.67368421052632
66,2022-03-27,35.2,15477,1480,4.0,2.0,15473,1478,12800,82.7,12225,95.5,63,70.0,312,67,63,61.2,168.0,130,849859,792445,28.810752688172045,78.36559139784946
67,2022-03-28,35.3,15473,1478,11.0,2.0,15462,1476,12870,83.1,12260,95.2,71,86.0,345,48,60,61.3,168.0,130,862729,804705,29.454166666666666,73.58333333333333
68,2022-03-29,35.4,15462,1476,17.0,1.0,15445,1475,13090,84.6,12510,95.5,91,87.0,293,49,60,61.4,166.0,130,875819,817215,29.325,75.55208333333333
69,2022-03-03,35.5,15445,1475,11.0,2.0,15434,1473,13100,84.8,12540,95.7,80,63.0,300,57,60,61.6,166.0,130,888919,829755,25.340425531914892,50.09574468085106
70,2022-03-31,35.6,15434,1473,12.0,2.0,15422,1471,12600,81.6,12031,95.4,68,81.0,303,57,60,61.8,166.0,130,901519,841786,29.381052631578946,75.2421052631579
71,2022-01-04,36.0,15422,1471,8.0,2.0,15414,1469,13070,84.7,12500,95.6,91,70.0,303,44,62,61.8,166.0,130,914589,854286,23.042553191489358,97.63829787234043
72,2022-03-19,34.1,15534,1491,5.0,2.0,15529,1489,13150,87.0,12845,95.0,92,109.0,341,63,60,60.6,168.0,130,745689,692795,28.489583333333332,69.67708333333333
73,2022-03-20,34.2,15529,1489,3.0,1.0,15526,1488,13200,85.0,12630,95.6,116,88.0,241,65,60,60.6,168.0,130,758889,705425,27.915624999999995,71.0625
74,2022-03-21,34.3,15526,1488,3.0,1.0,15523,1487,13160,84.7,12610,95.8,88,94.0,240,68,60,60.8,168.0,130,772049,718035,28.36145833333333,68.8125
75,2022-03-22,34.4,15523,1487,3.0,1.0,15520,1486,12900,83.1,12340,95.6,86,77.0,277,60,60,60.8,168.0,130,782049,730375,28.1125,74.95833333333333
76,2022-03-23,34.5,15520,1486,2.0,2.0,15518,1484,13260,85.4,12690,95.7,61,99.0,285,60,65,60.8,168.0,130,798209,743065,27.670526315789473,80.09473684210526
77,2022-03-24,34.6,15518,1484,2.0,2.0,15516,1482,13270,85.5,12700,95.7,98,73.0,272,67,60,60.9,168.0,130,811479,755765,27.935106382978724,79.14893617021276
78,2022-03-25,35.0,15516,1482,4.0,0.0,15512,1482,12590,81.1,12025,95.5,71,92.0,280,62,60,61.0,168.0,130,824069,767790,28.327083333333334,78.0
79,2022-02-04,36.1,15414,1469,10.0,2.0,15404,1467,12740,82.6,12200,95.7,81,71.0,283,45,60,61.8,166.0,130,927329,866486,24.703125,76.85416666666667
80,2022-03-04,36.2,15404,1467,10.0,2.0,15394,1465,12720,82.5,12140,95.4,83,72.0,300,65,60,61.9,166.0,130,940049,878626,27.038541666666664,57.625
81,2022-04-04,36.3,15394,1465,11.0,2.0,15383,1463,12650,82.1,12080,95.5,75,62.0,321,55,57,62.0,166.0,130,952699,890706,29.812631578947375,66.15789473684211
82,2022-05-04,36.4,15383,1463,11.0,2.0,15372,1462,12680,82.4,12140,95.7,86,51.0,309,54,40,62.1,166.0,130,965379,902846,28.165555555555557,74.76666666666667
83,2022-06-04,36.5,15372,1462,8.0,1.0,15364,1460,12340,80.2,11850,96.0,50,46.0,276,58,60,62.2,166.0,130,977719,914696,28.70520833333333,80.14583333333333
84,2022-07-04,36.6,15364,1460,6.0,0.0,15358,1460,12470,81.1,11940,95.7,90,62.0,272,53,53,62.3,166.0,130,990189,926636,25.740624999999998,76.73958333333333
85,2022-08-04,37.0,15358,1460,8.0,4.0,15350,1456,12590,82.0,12050,95.7,102,68.0,262,58,50,62.6,166.0,130,1002779,938686,23.715625,99.97916666666667
86,2022-09-04,37.1,15350,1456,6.0,1.0,15344,1455,12980,84.5,12503,96.3,69,50.0,255,46,60,63.0,166.0,130,1015759,951186,27.21979166666667,94.51041666666667
87,2022-10-04,37.2,15344,1455,6.0,3.0,15338,1452,12440,81.0,11945,96.0,103,58.0,222,52,60,63.1,166.0,130,1028199,963131,25.39375,98.05208333333333
88,2022-11-04,37.3,15338,1452,5.0,0.0,15333,1452,12600,82.1,12090,96.0,98,42.0,261,49,60,63.1,166.0,130,1040799,975221,24.25208333333333,95.26041666666667
89,2022-12-04,37.4,15333,1452,4.0,2.0,15329,1450,12870,84.0,12400,96.3,65,44.0,260,51,50,63.3,166.0,130,1053669,987621,24.121875,94.73958333333333
90,2022-04-13,37.5,15329,1450,6.0,0.0,15323,1450,12350,80.56,11850,96.0,106,39.0,248,47,60,63.4,166.0,130,1066019,999471,26.076041666666665,93.61458333333333
91,2022-04-14,37.6,15323,1450,4.0,0.0,15319,1450,12590,82.16,12090,96.0,87,53.0,245,55,60,63.5,166.0,130,1078609,1011561,26.203125,90.73958333333333
92,2022-04-15,38.0,15319,1450,4.0,0.0,15315,1450,12510,81.6,11950,95.5,130,51.0,268,51,60,63.6,166.0,130,1091119,1023511,27.237894736842104,83.45263157894736
93,2022-04-16,38.1,15315,1450,2.0,3.0,15313,1447,12630,82.4,12120,96.0,108,38.0,279,45,40,63.6,164.0,130,1103749,1035631,28.6578947368421,80.86315789473684
94,2022-04-17,38.2,15313,1447,4.0,2.0,15309,1445,12470,81.4,11910,95.5,103,55.0,314,48,40,63.6,164.0,130,1116219,1047541,27.523958333333336,84.1875
95,2022-04-18,38.3,15309,1445,3.0,2.0,15306,1443,12000,81.5,12000,96.1,116,36.0,239,49,40,63.7,164.0,130,1128699,1059541,27.327368421052636,88.26315789473684
96,2022-04-19,38.4,15306,1443,3.0,1.0,15303,1442,12140,82.5,12140,96.0,95,38.0,278,49,40,63.8,164.0,130,1141339,1071681,27.97741935483872,88.04301075268818
97,2022-04-20,38.5,15303,1442,4.0,1.0,15299,1441,12040,82.0,12040,96.0,92,30.0,296,41,41,63.9,164.0,130,1153879,1083720,29.875531914893614,81.40425531914893
98,2022-04-21,38.6,15299,1441,6.0,0.0,15293,1441,11800,80.6,11800,95.6,83,41.0,326,40,40,64.0,164.0,130,1166219,1095521,30.310638297872337,80.1063829787234
99,2022-04-22,39.0,15293,1441,5.0,0.0,15288,1441,12000,81.5,12000,96.2,59,33.0,294,40,40,64.0,164.0,130,1178689,1107521,29.534736842105257,82.21052631578948
100,2022-04-23,39.1,15288,1441,4.0,2.0,15284,1439,12200,79.8,11700,96.0,62,31.0,285,62,60,64.1,164.0,130,1190889,1119221,26.358947368421052,89.02105263157895
101,2022-04-24,39.2,15284,1439,4.0,1.0,15280,1438,12250,80.1,11720,95.6,76,42.0,214,110,88,64.1,164.0,130,1203139,1130941,28.744210526315786,77.29473684210527
102,2022-04-25,39.3,15280,1438,5.0,1.0,15275,1437,11630,76.1,11100,95.4,75,35.0,302,58,60,64.2,164.0,130,1214769,1142041,29.310752688172048,78.56989247311827
103,2022-04-26,39.4,15275,1437,4.0,0.0,15271,1437,12820,83.9,12340,96.2,62,33.0,265,60,60,64.2,164.0,130,1227589,1154381,29.770967741935486,77.3010752688172
104,2022-04-27,39.5,15271,1437,4.0,2.0,15267,1435,12540,82.1,12000,95.7,61,32.0,335,52,60,64.3,164.0,130,1240129,1166381,30.431182795698927,77.01075268817205
105,2022-04-28,39.6,15267,1435,5.0,0.0,15262,1435,12190,79.8,11700,96.0,71,27.0,283,46,63,64.4,164.0,130,1252319,1178081,30.211578947368427,74.30526315789474
106,2022-04-29,40.0,15262,1435,6.0,2.0,15256,1433,12510,81.9,12000,95.9,102,29.0,282,57,40,64.6,164.0,130,1264829,1190081,29.710526315789473,78.57894736842105
107,2022-04-30,40.1,15256,1433,0.8,0.0,15154,1401,12190,79.9,11700,95.9,97,41.0,251,51,50,64.6,162.0,130,1277019,1201781,29.373913043478257,76.97826086956522
108,2022-01-05,10.2,15154,1401,0.0,0.0,15142,1401,12430,82.0,11900,95.7,101,44.0,296,49,40,64.6,162.0,130,1289449,1213681,23.376041666666666,99.78125
109,2022-02-05,40.3,15142,1401,4.0,2.0,15138,1399,12540,82.8,12000,95.7,124,34.0,296,44,42,64.8,162.0,130,1301989,1225681,25.693750000000005,77.96875
110,2022-03-05,40.4,15138,1399,4.0,2.0,15134,1397,11830,78.1,11300,95.5,116,21.0,305,48,40,64.8,162.0,130,1313819,1236981,27.531578947368416,61.305263157894736
111,2022-04-05,40.5,15134,1397,5.0,0.0,15129,1397,12040,79.5,11500,95.5,101,20.0,337,42,40,64.9,162.0,130,1325859,1248481,29.37956989247312,69.23655913978494
112,2022-05-05,40.6,15129,1397,6.0,2.0,15123,1395,11990,79.2,11450,95.5,98,23.0,330,49,40,64.9,162.0,130,1337849,1259931,28.078723404255324,87.44680851063829
113,2022-06-05,41.0,12123,1395,4.0,1.0,15119,1394,12340,81.6,11800,95.6,85,26.0,360,29,40,65.0,162.0,130,1350189,1271731,28.95625,78.80208333333333
114,2022-07-05,41.1,15119,1394,3.0,1.0,15116,1393,12530,82.8,12000,95.7,110,31.0,305,44,40,65.0,162.0,130,1362719,1283731,24.770833333333332,94.8125
115,2022-08-05,41.2,15116,1393,4.0,1.0,15112,1392,11850,78.4,11400,96.2,79,25.0,241,45,60,65.1,162.0,130,1374569,1295131,24.409375,94.59375
116,2022-09-05,41.3,15112,1392,5.0,0.0,15107,1392,11710,77.4,11270,96.2,84,33.0,229,42,60,65.1,162.0,130,1386279,1306401,27.034375,95.47916666666667
117,2022-10-05,41.4,15107,1392,4.0,1.0,15103,1391,11220,74.2,10730,95.6,87,26.0,252,45,80,65.1,162.0,130,1397499,1317131,25.708333333333332,97.02083333333333
118,2022-11-05,41.5,15103,1391,3.0,0.0,15100,1391,11650,77.1,11200,96.1,84,16.0,264,46,40,65.2,162.0,130,1409149,1320331,24.68958333333333,94.13541666666667
119,2022-12-05,41.6,15100,1391,3.0,0.0,15097,1391,11770,77.9,11280,95.8,115,28.0,267,40,40,65.2,162.0,130,1420919,1339611,23.630208333333332,97.36458333333333
120,2022-05-13,42.0,15097,1391,2.0,1.0,15095,1390,11910,78.8,11440,96.0,106,21.0,259,40,40,65.3,162.0,130,1432829,1351051,26.648421052631576,86.49473684210527
121,2022-05-14,42.1,15095,1390,6.0,0.0,15089,1390,11990,79.4,11500,95.9,135,14.0,245,56,40,65.3,162.0,130,1444819,136255,26.708333333333332,88.33333333333333
122,2022-05-15,42.2,15089,1390,3.0,0.0,15086,1390,11420,75.6,11000,96.3,86,13.0,234,47,40,65.3,162.0,130,1456239,137355,26.003191489361694,92.32978723404256
123,2022-05-16,42.3,15086,1390,2.0,0.0,15084,1390,12200,80.8,11700,96.0,95,22.0,286,44,53,65.4,162.0,130,1480259,138525,26.53058823529412,94.05882352941177
124,2022-05-17,42.4,15084,1390,2.0,0.0,15082,1390,11820,78.3,11300,95.6,86,20.0,321,53,40,65.4,162.0,130,1480259,1396551,27.14186046511628,90.65116279069767
125,2022-05-18,42.5,15082,1390,4.0,0.0,15078,1390,11650,77.2,11150,95.7,67,24.0,300,49,60,65.4,162.0,130,1491909,1407701,25.179775280898877,98.04494382022472
126,2022-05-19,42.6,15088,1390,3.0,0.0,15075,1390,11450,75.9,11100,96.0,67,17.0,288,38,40,65.4,162.0,130,1503359,1418701,24.982954545454547,86.55681818181819
127,2022-05-20,43.0,15075,1390,4.0,2.0,15071,1388,11510,76.3,11040,96.0,67,18.0,286,49,50,65.5,162.0,130,1514869,1429741,26.658139534883727,89.98837209302326
128,2022-05-21,43.1,15071,1388,3.0,2.0,15068,1386,11600,77.0,11130,96.0,74,18.0,274,44,60,65.5,160.0,130,1526469,1440871,26.312643678160924,90.9080459770115
129,2022-05-22,43.2,15068,1386,3.0,0.0,15065,1386,11370,76.7,11050,95.5,108,18.0,288,46,60,65.5,160.0,130,1538039,1451921,26.211627906976737,82.81395348837209
130,2022-05-23,43.3,15065,1386,2.0,0.0,15063,1386,11610,77.0,11100,95.6,104,13.0,306,47,40,65.6,160.0,130,1549649,1463021,27.28617021276596,87.29787234042553
131,2022-05-24,43.4,15063,1386,2.0,0.0,15061,1386,11610,77.0,11065,95.3,108,21.0,337,39,40,65.6,160.0,130,1561259,1474086,28.2625,84.3125
132,2021-05-25,43.5,15061,1386,3.0,1.0,15058,1385,11540,76.6,11020,95.5,62,11.0,358,49,40,65.6,160.0,130,1572799,1485106,28.319565217391304,73.43478260869566
133,2022-05-26,43.6,15058,1385,2.0,0.0,15056,1385,11300,75.0,10740,95.0,97,19.0,360,42,42,65.6,160.0,130,1584099,1495846,27.554166666666664,84.89583333333333
134,2022-05-27,44.0,15056,1385,3.0,0.0,15053,1385,11990,79.6,11500,95.9,86,21.0,297,46,40,65.6,160.0,130,1596089,1507346,27.009375000000002,82.57291666666667
135,2022-05-28,44.1,15053,1385,4.0,0.0,15049,1385,11030,73.2,10550,95.6,72,20.0,293,49,46,65.6,160.0,130,1607119,1517896,27.887500000000003,75.82291666666667
136,2022-05-29,44.2,15049,1385,2.0,2.0,15072,1383,11370,75.5,10900,95.8,83,13.0,283,47,44,65.6,160.0,130,1618489,1528796,27.59166666666667,77.86458333333333
137,2022-05-30,44.3,15047,1383,4.0,0.0,15043,1383,11510,76.4,11000,95.5,95,0.0,320,48,47,65.7,160.0,130,1629999,1539796,27.792708333333337,79.03125
138,2022-05-31,44.4,15043,1383,4.0,0.0,15039,1383,11440,76.0,10950,95.7,73,12.0,314,51,40,65.7,160.0,130,1641439,1550746,27.578125,79.83333333333333
139,2022-01-06,44.5,15039,1383,5.0,1.0,15034,1382,11160,74.2,10640,95.3,100,0.0,324,46,50,65.7,160.0,130,1652599,1561386,23.895833333333332,97.78125
140,2022-02-06,44.6,15034,1382,4.0,0.0,15030,1382,11150,74.1,10650,95.5,98,0.0,320,42,40,65.8,160.0,130,1663749,1572036,25.79166666666667,83.28125
141,2022-03-06,45.0,15030,1382,3.0,0.0,15027,1382,11220,74.6,10720,95.5,75,0.0,328,47,50,65.8,160.0,130,1674969,1582756,27.536458333333332,58.5625
142,2021-04-06,45.1,15027,1382,5.0,0.0,15023,1382,11640,77.4,11090,95.2,98,0.0,396,30,26,65.8,160.0,130,1686609,1593846,30.098958333333332,61.0
143,2021-05-06,45.2,15023,1382,4.0,2.0,15021,1380,10900,72.5,10400,95.4,69,0.0,342,49,40,66.0,160.0,130,1697509,1604246,30.216304347826092,69.84782608695652
144,2021-06-06,45.3,15021,1380,3.0,0.0,15019,1380,11500,76.5,11000,95.6,89,0.0,342,29,40,66.0,160.0,130,1709009,1615246,28.871428571428574,66.03571428571429
145,2021-07-06,45.4,15019,1380,3.0,1.0,15017,1379,10580,70.4,10150,96.0,56,0.0,266,48,60,66.0,160.0,130,1719589,1625396,27.906896551724135,83.39080459770115
146,2021-08-06,45.5,15017,1379,4.0,1.0,15015,1378,11050,73.5,10600,96.0,62,0.0,299,49,40,66.0,160.0,130,1730639,1635996,27.290909090909096,78.5909090909091
147,2021-09-06,45.6,15015,1378,4.0,0.0,15013,1378,10500,70.0,10010,95.3,72,0.0,309,49,60,66.0,160.0,130,1741139,1646006,25.34583333333333,80.875
148,2021-10-06,46.0,15013,1378,4.0,0.0,15011,1378,11390,75.8,10900,95.7,92,0.0,301,44,53,66.0,160.0,130,1752529,1656906,26.157291666666666,91.13541666666667
149,2022-11-06,46.1,15011,1378,4.0,0.0,15007,1378,10490,69.8,10000,95.3,95,0.0,292,43,60,66.2,158.0,130,1763019,1666906,23.965625,97.33333333333333
150,2022-12-06,46.2,15007,1378,2.0,0.0,15005,1378,10780,71.8,10300,95.5,94,0.0,286,40,60,66.3,158.0,130,1773799,1677206,23.575,98.20833333333333
151,2022-06-13,46.3,15005,1378,3.0,1.0,15002,1377,10980,73.1,10500,95.6,81,0.0,295,44,60,66.3,158.0,130,1784779,1687706,28.005208333333332,72.875
152,2022-06-14,46.4,15002,1377,5.0,0.0,14997,1377,10900,72.6,10400,95.4,66,0.0,333,47,54,66.3,158.0,130,1795679,1698106,27.59166666666667,79.59375
153,2022-06-15,46.5,14997,1377,5.0,0.0,14992,1377,10850,72.3,10300,95.0,88,0.0,365,44,53,66.4,158.0,130,1806529,1708406,26.367708333333336,87.47916666666667
154,2022-06-16,46.6,14992,1377,4.0,0.0,14988,1377,10940,73.0,10400,95.0,101,0.0,331,54,54,66.4,158.0,130,1817469,1718806,27.289583333333336,83.36458333333333
155,2022-06-17,47.0,14988,1377,4.0,0.0,14984,1377,10730,71.6,10200,95.0,74,0.0,372,44,40,66.4,158.0,130,1828199,1729006,26.542708333333337,86.84375
156,2021-06-18,47.1,14984,1377,4.0,0.0,14980,1377,11080,73.9,10500,94.7,88,0.0,405,37,40,66.4,158.0,130,1839279,1739506,27.476404494382017,64.02222222222223
157,2021-06-19,47.2,14980,1377,3.0,2.0,14977,1375,11100,74.0,10600,95.5,94,0.0,308,49,49,66.5,158.0,130,1850379,1750106,27.930434782608696,63.19565217391305
158,2021-06-20,47.3,14977,1375,3.0,0.0,14974,1375,10940,73.0,10440,95.4,77,0.0,330,53,40,66.5,158.0,130,1861319,1760546,28.138888888888882,69.25555555555556
159,2021-06-21,47.4,14974,1375,3.0,0.0,14971,1375,10970,73.2,10480,95.5,85,0.0,295,54,56,66.6,158.0,130,1872289,1771026,27.704545454545453,76.22727272727273
160,2021-06-22,47.5,14971,1375,3.0,1.0,14968,1374,10460,69.8,10000,95.6,61,0.0,284,46,69,66.6,158.0,130,1882749,1781026,26.91234567901234,85.79012345679013
161,2021-06-23,47.6,14968,1374,3.0,0.0,14965,1374,10690,71.4,10150,95.0,112,0.0,313,55,60,66.6,158.0,130,1893439,1791176,27.718181818181815,75.875
162,2021-06-24,48.0,14965,1374,5.0,0.0,14960,1374,10710,71.5,10250,95.7,90,0.0,155,55,60,66.6,158.0,130,1904149,1801426,27.189655172413797,69.36781609195403
163,2021-06-25,48.1,14960,1374,5.0,0.0,14955,1374,11080,69.7,10000,95.7,62,0.0,270,48,60,66.6,158.0,130,1914589,1811426,27.983908045977017,65.39080459770115
164,2021-06-26,48.2,14955,1374,4.0,1.0,14951,1373,11100,70.0,10000,95.6,85,0.0,268,47,60,66.6,158.0,130,1925049,1821426,26.36976744186046,72.63953488372093
165,2021-06-27,48.3,14951,1373,3.0,0.0,14948,1373,10940,70.0,10000,95.6,86,0.0,266,48,60,66.6,158.0,130,1935509,1831426,26.155555555555555,82.88888888888889
166,2021-06-28,48.4,14948,1373,3.0,0.0,14945,1373,10970,69.2,9900,95.6,89,0.0,241,60,60,66.6,158.0,130,1945859,1841326,27.905714285714282,74.6056338028169
167,2021-06-29,48.5,14945,1373,4.0,2.0,14941,1731,10460,66.8,9500,95.0,83,0.0,291,53,63,66.8,158.0,130,1955849,1850826,28.42625,72.2375
168,2021-06-30,48.6,14941,1371,4.0,0.0,14937,1371,10690,71.2,10100,95.0,80,0.0,349,51,60,66.8,158.0,130,1966489,1860926,29.142168674698798,75.18072289156626
169,2021-01-07,49.0,14937,1371,4.0,0.0,14933,1371,10710,71.4,10200,95.5,75,0.0,300,45,50,66.8,158.0,130,1977159,1871126,24.350000000000005,98.05208333333333
170,2022-02-07,49.1,14933,1371,5.0,0.0,14928,1371,10220,68.4,9700,95.0,85,0.0,309,66,60,66.8,158.0,130,1987379,1880826,26.421875,78.84375
171,2022-03-07,49.2,14928,1371,4.0,0.0,14924,1371,10410,69.7,9900,95.1,88,0.0,309,55,58,66.8,158.0,130,1997789,1890726,25.333684210526314,77.41052631578947
172,2022-04-07,49.3,14924,1371,4.0,1.0,14920,1370,10510,70.4,10000,95.1,170,0.0,225,65,50,66.8,158.0,130,2008299,1900726,29.7,71.91666666666667
173,2022-05-07,49.4,14920,1370,2.0,0.0,14918,1370,9910,66.7,9500,95.3,70,0.0,247,63,80,66.9,158.0,130,2018259,1910226,28.329347826086963,78.71739130434783
174,2022-06-07,49.5,14918,1370,5.0,0.0,14913,1370,8720,58.4,8300,95.1,80,0.0,200,60,80,66.9,158.0,130,2026979,1918526,27.537499999999998,75.88541666666667
175,2022-07-07,49.6,14913,1370,2.0,0.0,14911,1370,10360,69.4,9900,95.5,95,0.0,235,70,60,66.9,158.0,130,2037339,1928426,24.175,92.55208333333333
176,2022-08-07,50.0,14911,1370,2.0,0.0,14909,1370,10490,70.3,10000,95.3,112,0.0,242,66,70,67.0,158.0,130,2047829,1938426,25.032291666666666,96.19791666666667
177,2022-09-07,50.1,14909,1370,2.0,0.0,14907,1370,10070,67.5,9600,95.3,108,0.0,239,53,70,67.0,158.0,130,2057899,1948026,25.190625,95.0625
178,2022-10-07,50.2,14907,1370,4.0,2.0,14903,1368,9980,67.0,9500,95.2,100,0.0,260,60,60,67.0,158.0,130,2067879,1957526,25.15625,98.11458333333333
179,2022-11-07,50.3,14903,1368,4.0,1.0,14899,1367,10100,67.7,9700,96.0,105,0.0,175,60,60,67.0,158.0,130,2077979,1967226,25.257291666666664,98.83333333333333
180,2022-12-07,50.4,14899,1367,2.0,0.0,14897,1367,10000,67.1,9500,95.0,100,0.0,268,52,80,67.0,158.0,130,2087979,1976726,22.90520833333333,97.70833333333333
181,2022-07-13,50.5,14897,1367,3.0,0.0,14894,1367,10020,67.2,9600,95.8,82,0.0,216,62,60,67.0,158.0,130,2097999,1986326,25.110416666666666,86.52083333333333
182,2022-07-14,50.6,14894,1367,4.0,2.0,14890,1365,9690,65.0,9200,95.0,105,0.0,245,60,80,67.2,158.0,130,2107689,1995526,24.87395833333333,87.78125
183,2022-07-15,51.0,14890,1365,4.0,2.0,14886,1363,10010,67.2,9550,95.4,69,0.0,243,68,80,67.2,158.0,130,2117699,2005076,25.334374999999998,88.51041666666667
184,2022-07-16,51.1,14886,1363,2.0,2.0,14884,1361,10000,67.1,9500,95.0,100,0.0,257,63,80,67.2,158.0,130,2127699,2014576,26.085416666666664,82.10416666666667
185,2022-07-17,51.2,14884,1361,3.0,0.0,14881,1361,9870,66.3,9400,95.2,102,0.0,223,65,80,67.2,158.0,130,2137569,2023976,26.2621052631579,89.66315789473684
186,2022-07-18,51.3,14881,1361,2.0,0.0,14879,1361,9940,66.8,9400,94.5,74,0.0,327,59,80,67.3,158.0,130,2147509,2033376,24.003125,97.85416666666667
187,2022-07-19,51.4,14879,1361,3.0,2.0,14876,1359,9960,67.0,9500,95.3,66,0.0,249,65,80,67.3,158.0,130,2157469,2042876,25.589583333333334,95.92708333333333
188,2022-07-20,51.5,14876,1359,4.0,0.0,14872,1359,9670,65.0,9200,95.1,56,0.0,299,59,60,67.3,158.0,130,2167139,2052076,25.816666666666666,95.82291666666667
189,2022-07-21,51.6,14872,1359,2.0,2.0,14870,1357,9850,66.2,9350,95.0,92,0.0,277,61,70,67.4,158.0,130,2176989,2061426,26.421875,92.6875
190,2022-07-22,52.0,14870,1357,5.0,0.0,14865,1357,9890,66.5,9400,95.0,87,0.0,273,67,63,67.4,158.0,130,2186879,2070826,25.54895833333333,95.17708333333333
191,2022-07-23,52.1,14865,1357,4.0,1.0,14861,1356,9710,65.3,9200,94.7,102,0.0,258,75,75,67.4,158.0,130,2196589,2080026,25.943750000000005,89.11458333333333
192,2022-07-24,52.2,14861,1356,4.0,0.0,14857,1356,9810,66.0,9300,94.8,91,0.0,271,68,80,67.5,158.0,130,2206399,2089326,26.610416666666666,86.83333333333333
193,2022-07-25,52.3,14857,1356,5.0,2.0,14852,1354,9690,65.2,9200,95.0,70,0.0,275,65,80,67.5,158.0,130,2216089,2098526,26.273958333333336,90.39583333333333
194,2022-07-26,52.4,14852,1354,4.0,2.0,14848,1352,9620,64.7,9100,94.6,100,0.0,287,63,70,67.5,158.0,130,2225709,2107626,25.325000000000003,93.25
195,2022-07-27,52.5,14848,1352,4.0,0.0,14844,1352,9730,65.5,9200,94.5,75,0.0,309,66,80,67.5,158.0,130,2235439,2116826,25.89166666666667,91.66666666666667
196,2022-07-28,52.6,14844,1352,4.0,0.0,14840,1352,9690,65.2,9200,95.0,79,0.0,258,73,80,67.5,158.0,130,2245129,2126026,27.442105263157895,87.0
197,2022-07-29,23.0,14840,1352,5.0,2.0,14835,1350,9430,63.5,8930,94.6,90,0.0,215,65,80,67.5,158.0,130,2254559,2134956,27.553125000000005,89.9375
198,2022-07-30,53.1,14835,1350,3.0,4.0,14832,1346,9575,64.5,9065,94.6,100,0.0,296,49,65,67.5,158.0,130,2264134,2144021,25.82604166666667,93.08333333333333
199,2022-07-31,53.2,14832,1346,4.0,0.0,14828,1346,9870,66.5,9400,95.2,87,0.0,257,66,60,67.5,158.0,130,2274004,2161931,26.355208333333334,89.55208333333333
200,2022-01-08,53.3,14828,1346,2.0,0.0,14826,1346,8980,60.5,8510,94.7,86,0.0,244,69,71,67.5,158.0,130,2282984,2161931,24.12604166666667,97.59375
201,2022-02-08,53.4,14826,1346,4.0,0.0,14822,1346,9830,66.3,9300,94.6,100,0.0,276,74,80,67.6,158.0,130,2292814,2171231,25.069473684210525,77.69473684210526
202,2022-03-08,53.5,14822,1346,3.0,0.0,14819,1346,9630,65.0,9150,95.0,96,0.0,228,76,80,67.7,158.0,130,2302444,2180381,27.878125,63.125
203,2022-04-08,53.6,14819,1346,2.0,2.0,14817,1344,9660,65.1,9200,95.2,79,0.0,232,65,84,67.7,158.0,130,2312104,2189581,27.93541666666667,79.375
204,2022-05-08,54.0,14817,1344,2.0,0.0,14815,1344,9750,65.8,9300,95.3,86,0.0,235,49,80,67.7,158.0,130,2321854,2198881,27.75,83.58888888888889
205,2022-06-08,54.1,14815,1344,2.0,0.0,14813,1344,9080,61.2,8600,94.7,70,0.0,238,82,90,67.7,158.0,130,2330934,2207481,27.93854166666667,77.89583333333333
206,2022-07-08,54.2,14813,1344,3.0,1.0,14810,1343,9660,65.2,9150,94.7,128,0.0,257,65,60,67.7,158.0,130,2340594,2216631,26.65520833333333,74.25
207,2022-08-08,54.3,14810,1343,4.0,0.0,14806,1343,9510,64.2,9000,94.6,152,0.0,210,68,80,67.7,158.0,130,2350104,2225631,25.11473684210526,94.6421052631579
208,2022-09-08,54.4,14806,1343,4.0,0.0,14802,1343,9210,62.2,8700,94.4,111,0.0,239,75,85,67.7,158.0,130,2359314,2234331,25.34479166666667,94.94791666666667
209,2022-10-08,54.5,14802,1343,2.0,1.0,14800,1342,9420,63.6,8900,94.4,126,0.0,240,74,50,67.7,158.0,130,2368734,2243231,25.527083333333326,97.26041666666667
210,2022-11-08,54.6,14800,1342,4.0,0.0,14796,1342,9450,63.8,8900,94.1,161,0.0,290,49,50,67.8,158.0,130,2378184,2252131,26.084375000000005,99.55208333333333
211,2022-12-08,55.0,14796,1342,6.0,0.0,14790,1342,8870,60.0,8400,94.7,122,0.0,250,58,60,67.8,158.0,130,2387054,2260531,24.14375,89.875
212,2022-08-13,55.1,14790,1342,4.0,0.0,14786,1342,9530,64.4,9000,94.4,127,0.0,251,72,80,67.8,158.0,130,2396584,2269531,26.32708333333333,84.63541666666667
213,2022-08-14,55.2,14786,1342,3.0,1.0,14783,1342,9250,62.5,8750,94.6,100,0.0,284,66,50,67.8,158.0,130,2405834,2278281,25.96875,88.4375
214,2022-08-15,55.3,14783,1341,2.0,0.0,14781,1341,9020,61.0,8450,93.6,135,0.0,280,69,86,67.8,158.0,130,2414854,2286731,26.527083333333337,89.34375
215,2022-08-16,55.4,14789,1341,5.0,0.0,14776,1341,9610,65.0,9000,93.6,151,0.0,315,74,70,67.8,158.0,130,2424464,2295731,27.661458333333332,84.60416666666667
216,2022-08-17,55.5,14776,1341,4.0,1.0,14772,1340,9560,64.7,9000,94.1,109,0.0,311,67,73,67.9,158.0,130,2434024,2304731,27.23645833333333,88.46875
217,2022-08-18,55.6,14772,1340,4.0,1.0,14768,1339,9010,61.0,8500,94.3,147,0.0,252,51,60,67.9,158.0,130,2443034,2313231,26.728125000000002,90.71875
218,2021-08-19,56.0,14768,1339,2.0,1.0,14766,1338,8910,60.3,8400,94.2,139,0.0,245,62,64,67.9,158.0,130,2451944,2321631,25.999999999999996,81.27272727272727
219,2022-08-20,56.1,14766,1338,4.0,2.0,14762,1336,8740,59.2,8200,93.4,131,0.0,240,80,89,67.9,158.0,130,2460684,2329831,26.363541666666674,91.13541666666667
220,2022-08-21,56.2,14762,1336,2.0,2.0,14760,1334,9300,63.0,8800,94.6,134,0.0,240,66,66,68.0,158.0,130,2469984,2338631,26.796842105263156,87.4421052631579
221,2022-08-22,56.3,14760,1334,2.0,2.0,14758,1332,8910,60.3,8400,94.2,137,0.0,230,73,70,68.0,158.0,130,2478894,2347031,25.05,92.11458333333333
222,2022-08-23,56.4,14758,1332,3.0,2.0,14755,1330,9260,62.7,8700,93.9,187,0.0,247,66,60,68.0,158.0,130,2488154,2355731,25.967708333333334,89.20833333333333
223,2022-08-24,56.5,14755,1330,3.0,0.0,14752,1330,9100,61.6,8500,93.4,201,0.0,283,56,60,68.0,158.0,130,2497254,2364231,24.166666666666668,99.61458333333333
224,2022-08-25,56.6,14752,1330,2.0,1.0,14750,1329,8800,59.6,8210,93.3,214,0.0,249,67,60,68.1,158.0,130,24506054,2372441,24.735416666666666,93.38541666666667
225,2022-08-26,57.0,14750,1329,3.0,3.0,14747,1326,9090,61.6,8500,93.5,218,0.0,277,35,60,68.1,158.0,130,2515144,2380941,25.722916666666666,90.40625
226,2022-08-27,57.1,14747,1326,2.0,4.0,14755,1322,8970,60.82,8400,93.6,170,0.0,250,70,80,68.1,156.0,130,2524114,2389341,24.457291666666666,96.875
227,2022-08-28,57.2,14755,1322,4.0,2.0,14741,1320,8870,60.1,8300,93.5,216,0.0,238,56,60,68.1,156.0,130,2532984,2397641,25.62395833333333,94.23958333333333
228,2022-08-29,57.3,14741,1320,2.0,0.0,14739,1320,9100,61.7,8600,94.5,126,0.0,256,68,60,68.1,156.0,130,2542084,2406241,25.433333333333337,95.34375
229,2022-08-30,57.4,14739,1320,3.0,0.0,14736,1320,8900,60.6,8400,94.3,89,0.0,285,56,70,68.1,156.0,130,2550984,2414641,26.25,94.54166666666667
230,2022-08-31,57.5,14736,1320,2.0,4.0,14734,1316,8710,59.1,8100,93.0,172,0.0,308,70,60,68.1,156.0,130,2559694,2422741,26.09479166666667,93.3125
231,2022-01-09,57.6,14734,1316,4.0,4.0,14730,1312,9060,61.5,8550,94.3,147,0.0,244,59,60,68.1,156.0,130,2568754,2431291,25.053124999999998,92.375
232,2022-02-09,58.0,14730,1312,3.0,0.0,14727,1312,8780,59.6,8340,94.9,90,0.0,238,52,60,68.1,156.0,130,2577534,2439631,25.291666666666668,71.32291666666667
233,2022-03-09,58.1,14727,1312,2.0,0.0,14727,1312,8670,58.8,8200,94.5,81,0.0,273,66,50,68.1,156.0,130,2586204,2447831,28.133333333333336,49.229166666666664
234,2022-04-09,58.2,14725,1312,4.0,2.0,14721,1310,8700,59.0,8200,94.2,142,0.0,240,60,58,68.3,156.0,130,2594904,2456031,27.311702127659583,78.01063829787235
235,2022-05-09,58.3,14721,1310,5.0,3.0,14716,1307,8820,59.9,8210,93.6,151,0.0,277,68,64,68.3,156.0,130,2603724,2464291,28.06382978723404,87.55319148936171
236,2022-06-09,58.4,14716,1307,4.0,2.0,14712,1305,8980,61.0,8500,94.6,121,0.0,229,70,60,68.3,156.0,130,2612704,2472791,28.296875,74.79166666666667
237,2022-07-09,58.5,14712,1305,4.0,2.0,14708,1303,8546,58.0,8000,93.6,128,0.0,300,58,60,68.3,156.0,130,2621250,2480791,24.164583333333336,95.96875
238,2022-08-09,58.6,14708,1303,3.0,2.0,14705,1301,8550,58.1,8010,94.2,150,0.0,227,53,60,68.3,156.0,130,2629800,2488851,25.228124999999995,90.41666666666667
239,2022-09-09,59.0,14705,1301,3.0,3.0,14702,1298,8550,58.1,8000,93.5,162,0.0,249,69,70,68.4,156.0,130,2638350,2496851,25.675,95.76041666666667
240,2022-10-09,59.1,14702,1298,3.0,1.0,14699,1297,8740,59.4,8200,93.8,171,0.0,238,61,70,68.4,156.0,130,2647090,2505051,24.836458333333336,98.03125
241,2022-11-09,59.2,14699,1297,4.0,2.0,14695,1295,8500,57.8,8000,94.1,146,0.0,202,72,80,68.4,156.0,130,2655590,2513051,25.907291666666666,87.76041666666667
242,2022-12-09,59.3,14695,1295,4.0,1.0,14691,1294,8250,56.1,7700,93.3,195,0.0,241,54,60,68.4,156.0,130,2663840,2520751,21.563541666666666,99.60416666666667
243,2022-09-13,59.4,14691,1294,4.0,0.0,14687,1294,8520,58.0,8000,93.9,176,0.0,220,64,60,68.5,156.0,130,2672360,2528751,26.141666666666666,94.51041666666667
244,2022-09-14,59.5,14687,1294,4.0,2.0,14683,1292,8350,56.8,7860,94.1,135,0.0,230,61,64,68.5,156.0,130,2680710,2536611,26.10833333333333,94.89583333333333
245,2022-09-15,59.6,14683,1292,3.0,0.0,14680,1292,8270,56.3,7700,93.1,148,0.0,300,62,60,68.8,156.0,130,2688980,2544311,26.169791666666665,95.5
246,2022-09-16,60.0,14680,1292,0.03,2.0,14554,1290,8070,55.0,7560,93.6,110,0.0,271,59,70,68.8,156.0,130,2697050,2551871,26.228421052631578,93.92631578947369
247,2022-09-17,60.1,14554,1290,2.0,0.0,14552,1290,8190,56.2,7620,93.0,196,0.0,249,65,60,68.9,156.0,130,2705240,2559491,26.292708333333337,96.29166666666667
248,2022-09-18,60.2,14552,1290,2.0,1.0,14550,1289,7940,54.5,7330,92.3,200,0.0,283,63,64,68.9,156.0,130,2713180,2566821,26.433333333333334,97.08333333333333
249,2022-09-19,60.3,14550,1289,2.0,0.0,14548,1289,8390,57.6,7760,92.5,210,0.0,310,60,50,69.0,156.0,130,2721570,2574581,26.534375,96.66666666666667
250,2022-09-20,60.4,14548,1289,2.0,0.0,14546,1289,8360,57.4,7720,92.3,247,0.0,273,65,55,69.0,156.0,130,2729930,2582301,25.6125,96.73958333333333
251,2022-09-21,60.5,14546,1289,4.0,0.0,14542,1289,8080,55.5,7500,92.8,206,0.0,250,64,60,69.0,156.0,130,2738010,2589801,26.87291666666667,91.61458333333333
252,2022-09-22,60.6,14542,1289,2.0,4.0,14540,1285,7954,54.6,7400,93.0,160,0.0,264,56,70,69.0,156.0,130,2745964,2597201,26.34375,83.52083333333333
253,2022-09-23,61.0,14540,1285,2.0,2.0,14538,1283,7870,54.1,7330,93.1,164,0.0,265,51,60,69.0,156.0,130,2753834,2604531,26.28125,84.11458333333333
254,2022-09-24,61.1,14538,1283,2.0,2.0,14536,1281,8320,57.2,7700,92.5,242,0.0,255,63,60,69.1,154.0,130,2762154,2612231,26.165625000000002,88.58333333333333
255,2022-09-25,61.2,14536,1281,2.0,4.0,14534,1277,8010,55.1,7440,92.8,100,0.0,220,120,130,69.1,154.0,130,2770164,2619671,26.569791666666664,99.84375
256,2022-09-26,61.3,14534,1277,4.0,1.0,14530,1276,7780,53.5,7100,91.2,233,0.0,269,87,91,69.1,154.0,130,2777944,2626771,25.75104166666667,97.39583333333333
257,2022-09-27,61.4,14530,1276,4.0,2.0,14526,1274,7910,54.4,7300,92.2,156,0.0,300,74,80,69.1,154.0,130,2785854,2634071,26.028125,97.25
258,2022-09-28,61.5,14526,1274,2.0,2.0,14524,1272,7590,52.2,7000,92.2,150,0.0,305,65,70,69.1,154.0,130,2793444,2641071,26.193749999999998,97.13541666666667
259,2022-09-29,61.6,14524,1272,2.0,1.0,14522,1271,8020,55.2,7400,92.2,170,0.0,329,61,60,69.1,154.0,130,2801464,2648471,26.028125,97.83333333333333
260,2022-09-30,62.0,14522,1271,4.0,4.0,14518,1267,7990,55.0,7400,92.6,123,0.0,340,64,63,69.1,154.0,130,2809454,2655871,26.409375,100.0
261,2022-01-10,62.1,14518,1267,2.0,2.0,14516,1265,7760,53.4,7200,92.7,174,0.0,253,63,70,69.3,154.0,130,2817214,2663071,24.93263157894737,96.88421052631578
262,2022-02-10,62.2,14516,1265,2.0,2.0,14514,1263,7740,53.3,7150,92.3,180,0.0,205,95,110,69.3,154.0,130,2824954,2670221,24.648958333333336,67.9375
263,2022-03-10,62.3,14514,1263,3.0,2.0,14511,1261,7800,53.7,7200,92.3,190,0.0,248,65,97,69.3,154.0,130,2832754,2677421,27.33936170212766,49.6063829787234
264,2022-04-10,62.4,14511,1261,2.0,3.0,14509,1258,7830,54.0,7130,91.0,220,0.0,363,47,70,69.3,154.0,130,2840584,2684551,27.786458333333332,82.16666666666667
265,2022-05-10,62.5,14509,1258,4.0,2.0,14505,1256,7560,52.1,7000,92.6,160,0.0,262,68,70,69.3,154.0,130,2848144,2691551,26.36105263157895,88.81052631578947
266,2022-06-10,62.6,14505,1256,2.0,2.0,14503,1254,7310,50.3,6700,91.6,157,0.0,320,63,70,69.3,154.0,130,2855454,2698251,28.135416666666668,74.84375
267,2022-07-10,63.0,14503,1254,2.0,0.0,14501,1254,7620,52.5,7060,92.6,146,0.0,300,54,60,69.4,154.0,130,2863074,2705311,25.814583333333335,85.5
268,2022-08-10,63.1,14501,1254,3.0,2.0,14498,1252,7570,52.2,6950,91.8,206,0.0,281,53,80,69.4,154.0,130,2870644,2712261,25.95,83.26041666666667
269,2022-09-10,63.2,14498,1252,4.0,2.0,14494,1250,7440,51.3,6900,92.7,210,0.0,230,70,70,69.4,154.0,130,2878084,2719161,25.036458333333332,95.52083333333333
270,2022-10-10,63.3,14494,1250,4.0,0.0,14490,1250,7310,50.4,6700,91.6,210,0.0,273,57,70,69.4,154.0,130,2885394,2725861,24.83020833333333,99.14583333333333
271,2022-11-10,63.4,14490,1250,4.0,0.0,14486,1250,7200,49.6,6600,91.6,226,0.0,216,75,83,69.4,154.0,130,2892594,2732461,26.034375,85.16666666666667
272,2022-12-10,63.5,14486,1250,6.0,4.0,14480,1246,7770,53.6,7200,93.4,120,0.0,251,59,80,69.4,154.0,130,2900364,2739721,23.535416666666666,94.64583333333333
273,2022-10-13,63.6,14480,1246,7.0,3.0,14473,1243,6610,45.6,6000,90.7,144,0.0,300,76,90,69.4,154.0,130,2906974,2745721,26.17916666666667,97.0625
274,2022-10-14,64.0,14473,1243,4.0,0.0,14469,1243,7370,51.0,6700,91.0,214,0.0,350,56,50,69.5,154.0,130,2914344,2752421,24.993750000000002,99.27083333333333
275,2022-10-15,64.1,14469,1243,4.0,2.0,14465,1241,7250,50.1,6600,91.0,265,0.0,274,41,70,69.5,154.0,130,2921594,2759021,26.682291666666668,91.38541666666667
276,2022-10-16,64.2,14465,1241,2.0,2.0,14463,1239,7050,48.7,6500,92.2,150,0.0,235,65,100,69.6,154.0,130,2928644,2765521,25.680208333333336,98.34375
277,2022-10-17,64.3,14463,1239,0.004,18295.0,13810,1187,7280,50.3,6700,92.0,120,0.0,300,60,100,69.6,154.0,130,2935924,2772221,25.509473684210523,98.32631578947368
278,2022-10-18,64.4,13810,1187,5.0,0.0,13805,1187,7330,53.0,6700,91.4,264,0.0,256,50,60,69.6,154.0,130,2943254,2778921,25.351041666666664,97.46875
279,2022-10-19,64.5,13805,1187,5.0,0.0,13800,1187,7290,52.8,6655,91.2,175,0.0,300,80,80,69.6,154.0,130,295044,2785576,25.365624999999998,99.125
280,2022-10-20,64.6,13800,1187,0.058,2.0,13709,1185,7160,51.8,6580,91.8,227,0.0,220,75,60,69.6,154.0,130,2957704,2792156,25.353124999999995,98.80208333333333
281,2022-10-21,65.0,13709,1185,6.0,0.0,13703,1185,7270,53.0,6620,91.0,250,0.0,249,71,80,69.6,154.0,130,2964974,2798776,24.210416666666664,96.5625
282,2022-10-22,65.1,13703,1185,4.0,3.0,13699,1182,7440,54.3,6850,92.0,183,0.0,260,67,80,69.8,154.0,130,2972414,2805626,26.239583333333332,95.33333333333333
283,2022-10-23,65.2,13699,1182,3.0,1.0,13696,1181,6720,49.0,6100,90.7,210,0.0,262,68,80,69.8,154.0,130,2979134,2811726,25.92916666666667,96.58333333333333
284,2022-10-24,65.3,13696,1181,4.0,2.0,13692,1179,7480,54.6,6870,91.8,202,0.0,300,48,60,69.8,154.0,130,2986614,2818596,25.434375,95.29166666666667
285,2022-10-25,65.4,13692,1179,4.0,2.0,13688,1177,6990,51.0,6360,90.9,209,0.0,249,62,110,69.8,154.0,130,2993604,2824956,25.193749999999998,96.625
286,2022-10-26,65.5,13688,1177,2.0,2.0,13686,1175,7160,52.3,6500,90.7,218,0.0,299,63,80,69.8,154.0,130,3000764,2831456,25.169791666666665,97.05208333333333
287,2022-10-27,65.6,13686,1175,3.0,2.0,13683,1173,7050,51.5,6400,90.7,175,0.0,360,45,70,69.8,154.0,130,3007814,2837856,25.443157894736842,84.4421052631579
288,2022-10-28,66.0,13683,1173,5.0,3.0,13678,1170,7030,51.3,6350,90.3,267,0.0,253,77,83,69.8,154.0,130,3014844,2844206,26.29479166666667,80.10416666666667
289,2022-10-29,66.1,13678,1170,2.0,2.0,13676,1168,6970,50.9,6370,91.4,204,0.0,255,61,80,69.8,152.0,130,3021814,2850576,24.68541666666667,95.70833333333333
290,2022-10-30,66.2,13676,1168,4.0,2.0,13672,1166,7160,52.3,6500,90.7,265,0.0,247,65,90,69.8,152.0,130,3028974,2857076,24.942708333333332,95.91666666666667
291,2022-10-31,66.3,13672,1166,4.0,0.0,13668,1166,7040,51.5,6450,91.6,237,0.0,219,64,70,69.8,152.0,130,3036014,2863526,26.695833333333336,85.71875
292,2022-01-11,66.4,13668,1166,5.0,2.0,13663,1164,7140,52.2,6600,92.4,183,0.0,263,44,50,69.8,152.0,130,3043154,2870126,25.09166666666667,88.41666666666667
293,2022-02-11,66.5,13663,1164,3.0,1.0,13660,1163,6610,48.3,6000,90.7,260,0.0,238,42,70,69.8,152.0,130,3049764,2876126,25.969791666666666,73.67708333333333
294,2022-03-11,66.6,13660,1163,2.0,4.0,13658,1159,70550,51.6,6400,90.7,235,0.0,300,55,60,69.8,152.0,130,3056814,2882525,27.346808510638297,50.02127659574468
295,2022-04-11,67.0,13658,1159,4.0,2.0,13654,1157,6870,50.3,6250,91.0,205,0.0,272,73,70,69.8,152.0,130,3063684,2888776,26.837894736842106,89.3578947368421
296,2022-05-11,67.1,13654,1157,2.0,2.0,13652,1155,6750,49.4,6200,91.8,175,0.0,239,66,70,70.0,152.0,130,3070434,2894976,26.159139784946237,74.09677419354838
297,2022-06-11,67.2,13652,1155,5.0,2.0,13647,1153,6800,50.0,6200,91.1,172,0.0,265,74,89,70.0,152.0,130,3077234,2901176,28.002083333333335,71.20833333333333
298,2022-07-11,67.3,13647,1153,4.0,2.0,13643,1151,6970,49.7,6100,89.8,239,0.0,305,66,80,70.0,152.0,130,3084024,2907276,25.317708333333332,85.90625
299,2022-08-11,67.4,13643,1151,3.0,2.0,13640,1149,6760,49.5,6100,90.2,280,0.0,237,63,80,70.0,152.0,130,3090784,2913376,26.5125,80.58333333333333
300,2022-09-11,67.5,13640,1149,5.0,2.0,13635,1147,6780,49.7,6040,89.0,357,0.0,239,64,80,70.0,152.0,130,3097564,2919416,25.553658536585367,94.0
301,2022-10-11,67.6,13635,1147,3.0,2.0,13632,1145,6440,47.2,5720,88.8,366,0.0,204,74,76,70.0,152.0,130,3104004,2925136,24.943749999999998,98.63541666666667
302,2022-11-11,68.0,13632,1145,3.0,2.0,13629,1143,6680,49.0,6040,90.4,292,0.0,200,68,80,70.0,152.0,130,3110684,2931176,21.6875,100.0
303,2022-12-11,68.1,13629,1143,5.0,3.0,13624,1140,6900,50.6,6200,89.8,310,0.0,248,62,80,70.1,150.0,130,3117584,2937376,23.545833333333334,98.45833333333333
304,2022-11-13,68.2,13624,1140,3.0,1.0,13621,1139,5800,42.5,5160,88.99,280,0.0,209,71,80,70.1,150.0,130,3123384,2942536,23.95104166666667,95.6875
305,2022-11-14,68.3,13621,1139,5.0,2.0,13616,1137,6620,48.6,5960,90.0,300,0.0,220,60,80,70.1,150.0,130,3130004,2948496,24.95578947368421,94.0
306,2022-11-15,68.4,13616,1137,5.0,2.0,13611,1135,6640,48.7,5980,90.0,300,0.0,224,66,70,70.1,150.0,130,3136644,2954476,25.014583333333334,94.0
307,2022-11-16,68.5,13611,1135,6.0,4.0,13605,1131,6410,47.0,5800,90.4,278,0.0,203,69,60,70.1,150.0,130,3143054,2960276,25.43473684210526,94.02105263157895
308,2022-11-17,68.6,13605,1131,5.0,3.0,13600,1128,6470,47.5,5860,90.5,231,0.0,218,80,81,70.1,150.0,130,314924,2966136,24.957291666666666,94.5
309,2022-11-18,69.0,13600,1128,4.0,0.0,13596,1128,6230,45.8,5600,89.8,286,0.0,215,69,60,70.1,150.0,130,3155754,2971736,23.00631578947368,95.36842105263158
